Workbook

Sheet 儀表板
A1: 🎯 公傳室 J 類廣告追蹤儀表板 | 2026臺中長照台日論壇（案號115B17）
A2: 論壇日：2026/7/3（五） | 今日請填： | B2: =TODAY() | C2: | 距論壇剩餘天數： | D2: =DATE(2026,7,3)-TODAY()
A4: 項目 | B4: 標規要求 | C4: 實際 | D4: 差距 | E4: 風險/扣款試算 | F4: 狀態
A5: J-1 報紙廣告刊登則數 | B5: ≥2則 | C5: =COUNTIF('J-1報紙廣告'!G5:G14,"已刊登") | D5: =MAX(0,2-C5) | E5: =D5*20000 | F5: =IF(C5>=2,"✓達標","⚠未達 扣"&TEXT(D5*20000,"#,##0")&"元")
A6: J-3 數位廣編稿則數 | B6: ≥10則 | C6: =COUNTIF('J-3數位廣編稿'!J5:J14,"已發布") | D6: =MAX(0,10-C6) | E6: =D6*10000 | F6: =IF(C6>=10,"✓達標","⚠未達 扣"&TEXT(D6*10000,"#,##0")&"元")
A7: J-3 廣編稿總曝光人次 | B7: ≥2,000,000 | C7: =SUM('J-3數位廣編稿'!H5:H14) | D7: =MAX(0,2000000-C7) | E7: "以契約價金20%為限" | F7: =IF(C7>=2000000,"✓達標","⚠未達200萬")
A8: J-3 長照3.0+失智專題 | B8: ≥2篇 | C8: =COUNTIFS('J-3數位廣編稿'!B5:B14,"⭐政策+失智專題",'J-3數位廣編稿'!J5:J14,"已發布") | D8: =MAX(0,2-C8) | E8: "併入J-3則數扣款" | F8: =IF(C8>=2,"✓達標","⚠未達")
A9: J-4 電視牆/看板檔次 | B9: ≥4,000檔次 | C9: =SUM('J-4電視牆看板'!E5:E14) | D9: =MAX(0,4000-C9) | E9: =D9*1000 | F9: =IF(C9>=4000,"✓達標","⚠每檔次扣1,000")
A10: J-4 場域數 | B10: ≥2處 | C10: =COUNTA('J-4電視牆看板'!B5:B14) | D10: =MAX(0,2-C10) | E10: "併入檔次扣款" | F10: =IF(C10>=2,"✓達標","⚠未達")
A11: J-5 網路關鍵字廣告 | B11: ≥20則 | C11: =COUNTIF('J-5網路關鍵字'!H5:H34,"已上架") | D11: =MAX(0,20-C11) | E11: =D11*1000 | F11: =IF(C11>=20,"✓達標","⚠每則扣1,000")
A12: J-2 論壇後報紙新聞稿 | B12: ≥1則 | C12: =COUNTIF('J-2活動後新聞稿'!E5:E9,"已刊登") | D12: =MAX(0,1-C12) | E12: =D12*10000 | F12: =IF(C12>=1,"✓達標","⚠未達 扣10,000")
A14: 💰 累計扣款風險（試算） | B14: =D5*20000+D6*10000+D9*1000+D11*1000+D12*10000 | C14: 元（不含200萬人次未達之20%契約價金扣減）
A16: ⏰ 關鍵截止日
A17: 2026/6/3 | B17: ⚠ 最早截止 | C17: J-5 網路關鍵字廣告 ≥20則（論壇前30天）
A18: 2026/6/15 | C18: B-1 主視覺／B-2 海報／H-1~H-4 文宣設計
A19: 2026/6/19 | B19: ⚠ 多項並列 | C19: J-1 報紙廣告 ≥2則／J-3 廣編稿 ≥10則／J-4 電視牆 ≥4,000檔
A20: 2026/7/2 | C20: H-3 識別證/資料袋實體送達會場
A21: 2026/7/3 | B21: 🎯 論壇日 | C21: L-1 照片+新聞稿／L-2 成果影片現場剪輯
A22: 2026/7/3後 | C22: J-2 論壇後報紙新聞稿 ≥1篇
A23: 2026/7/19 | C23: M-1 長照系列影片 ≥10分鐘

Sheet J-1報紙廣告
A1: J-1 報紙廣告追蹤表 | 目標：≥2則 / 三大報 / 截止 2026/6/19 | 扣款：每不足1則扣NT$20,000
A2: 大報範圍：中國時報、聯合報、自由時報；建議刊在「健康/醫療版」或「中部版」
A4: 序號 | B4: 報別 | C4: 版面 | D4: 刊登標題 | E4: 刊期(日) | F4: 聯絡窗口 | G4: 狀態 | H4: 刊登截圖檔名 | I4: 備註
A5: 1 | B5: 聯合報 | C5: 中部新聞版 | D5: （待擬）長照3.0台中啟動 失智照護升級 | G5: 待安排 | I5: 含H-1主視覺
A6: 2 | B6: 自由時報 | C6: 健康醫療版 | D6: （待擬）2026臺中長照台日論壇預告 | G6: 待安排 | I6: 論壇前1週內
A7: 3
A8: 4
A9: 5
A10: 6
A11: 7
A12: 8
A13: 9
A14: 10

Sheet J-2活動後新聞稿
A1: J-2 論壇後報紙新聞稿 | 目標：≥1篇 / 論壇後儘速 / 扣款：未達扣NT$10,000
A4: 序號 | B4: 報別 | C4: 刊登標題 | D4: 刊期 | E4: 狀態 | F4: 備註
A5: 1
A6: 2
A7: 3
A8: 4
A9: 5

Sheet J-3數位廣編稿
A1: J-3 數位廣編稿追蹤表 | 目標：≥10則 / ≥2篇政策+失智專題 / ≥200萬人次 / 截止 2026/6/19
A2: 扣款：每不足1則扣NT$10,000；未達200萬人次以契約價金20%為限
A4: 序號 | B4: 類別標記 | C4: 廣編稿標題 | D4: 建議媒體/平台 | E4: 負責窗口 | F4: 發布日期 | G4: URL連結 | H4: 觸及/曝光數 | I4: 截圖留存 | J4: 狀態 | K4: 備註
A5: 1 | B5: ⭐政策+失智專題 | C5: 長照3.0上路！台中接軌中央八大目標 失智照護全面升級 | D5: 聯合新聞網元氣網／1966長照粉專 | J5: 待發布
A6: 2 | B6: ⭐政策+失智專題 | C6: 長照3.0新制 失智症族群全納入！台中失智共照網守護2.5萬名家屬 | D6: 台灣失智症協會粉專／健康2.0 | J6: 待發布
A7: 3 | B7: 在地安老 | C7: 全國最大長照網！台中ABC據點1,879處 三里一站照顧好厝邊 | D7: 愛長照／家天使 | J7: 待發布
A8: 4 | B8: 醫照整合 | C8: 穩坐六都第一 台中「在宅醫療＋共融照護」打造全民照護網 | D8: 工商時報網／優照護 | J8: 待發布
A9: 5 | B9: 智慧長照 | C9: 長照即時通App上線 大數據預測需求 台中邁向智慧長照 | D9: 數位時代／智慧樂齡網 | J9: 待發布
A10: 6 | B10: 機構量能 | C10: 台中首家市立綜合長照機構落成 慈濟攜手打造智慧整合照護 | D10: 聯合報／大愛新聞 | J10: 待發布
A11: 7 | B11: 失智友善 | C11: 失智友善社區動起來！台中商家化身「友善天使」 走失不漏接 | D11: 台中市衛生局粉專／失智症協會 | J11: 待發布
A12: 8 | B12: 偏鄉長照 | C12: 偏鄉不孤單 台中山海線遠距醫療＋IDS計畫 補齊長照最後一哩 | D12: 中山醫附設粉專／自由時報中部 | J12: 待發布
A13: 9 | B13: 健康老化 | C13: 延緩失能從預防開始 台中社區據點打造高齡健康生活圈 | D13: 樂齡網／50+好好 | J13: 待發布
A14: 10 | B14: 國際交流 | C14: 台日交流 共學失智照護！2026臺中長照台日論壇7/3登場 | D14: 台中市政府粉專／中時新聞網 | J14: 待發布

Sheet J-4電視牆看板
A1: J-4 電視牆/電子看板追蹤表 | 目標：≥2場域 / 合計≥4,000檔次 / 截止 2026/6/19 | 扣款：每不足1檔扣NT$1,000
A4: 序號 | B4: 場域名稱 | C4: 地點/地址 | D4: 刊播期間 | E4: 檔次 | F4: 驗收憑證 | G4: 備註
A5: 1
A6: 2
A7: 3
A8: 4
A9: 5
A10: 6
A11: 7
A12: 8
A13: 9
A14: 10
D15: 合計檔次 | E15: =SUM(E5:E14)

Sheet J-5網路關鍵字
A1: J-5 網路關鍵字/社群廣告追蹤表 | 目標：≥20則 / 截止 2026/6/3（論壇前30天，⚠最早截止）
A2: 平台範圍：Yahoo、Google、Facebook、YouTube、Instagram；扣款：每不足1則扣NT$1,000
A4: 序號 | B4: 平台 | C4: 廣告類型 | D4: 關鍵字/標題 | E4: 投放期間 | F4: 預算 | G4: 觸及/點擊 | H4: 狀態 | I4: 備註
A5: 1 | B5: Google Ads | C5: 關鍵字搜尋 | D5: 長照3.0 | H5: 待上架
A6: 2 | B6: Google Ads | C6: 關鍵字搜尋 | D6: 失智症照護 | H6: 待上架
A7: 3 | B7: Google Ads | C7: 關鍵字搜尋 | D7: 台中長照 | H7: 待上架
A8: 4 | B8: Google Ads | C8: 關鍵字搜尋 | D8: 台日長照論壇 | H8: 待上架
A9: 5 | B9: Yahoo | C9: 關鍵字搜尋 | D9: 長照3.0 | H9: 待上架
A10: 6 | B10: Yahoo | C10: 關鍵字搜尋 | D10: 失智共照中心 | H10: 待上架
A11: 7 | B11: Facebook | C11: 貼文加強推廣 | D11: 論壇預告主視覺貼文 | H11: 待上架
A12: 8 | B12: Facebook | C12: 貼文加強推廣 | D12: 長照3.0八大目標懶人包 | H12: 待上架
A13: 9 | B13: Facebook | C13: 貼文加強推廣 | D13: 失智友善天使招募 | H13: 待上架
A14: 10 | B14: Facebook | C14: 貼文加強推廣 | D14: 長照即時通App介紹 | H14: 待上架
A15: 11 | B15: Instagram | C15: Reels/Story | D15: 論壇預告短影音 | H15: 待上架
A16: 12 | B16: Instagram | C16: Reels/Story | D16: 失智症關懷短影音 | H16: 待上架
... A24: 20 | B24: 電子報 | C24: EDM | D24: 合作媒體電子報×1 | H24: 待上架

Sheet 扣款風險清單
A1: ⚠ 扣款風險清單 / 公傳室負責範疇
A3: 序號 | B3: 扣款項目 | C3: 標規依據 | D3: 扣款計算 | E3: 上限 | F3: 驗收憑證 | G3: 對應分頁
A4: 1 | B4: 報紙廣告未達2則 | C4: 九(十一)2 | D4: 每不足1則扣NT$20,000 | E4: 無上限 | F4: 報紙刊登截圖/掃描件、版面編號、刊期 | G4: J-1報紙廣告
A5: 2 | B5: 論壇後新聞稿未達1篇 | C5: 九(十一)2 | D5: 扣NT$10,000 | E5: NT$10,000 | F5: 報紙刊登截圖、刊期 | G5: J-2活動後新聞稿
A6: 3 | B6: 數位廣編稿未達10則 | C6: 九(十一)3 | D6: 每不足1則扣NT$10,000 | E6: 契約價金20% | F6: 各則URL截圖、媒體、發布日期 | G6: J-3數位廣編稿
A7: 4 | B7: 廣編稿總曝光未達200萬人次 | C7: 九(十一)3 | D7: 以契約價金20%為限 | E7: 契約價金20% | F7: 後台數據截圖（含日期/觸及） | G7: J-3數位廣編稿
A8: 5 | B8: 電視牆/看板未達4,000檔次 | C8: 九(十一)4 | D8: 每不足1檔扣NT$1,000 | E8: 契約價金20% | F8: 場域播出紀錄（時段/地點/檔次） | G8: J-4電視牆看板
A9: 6 | B9: 網路廣告未達20則 | C9: 九(十一)5 | D9: 每不足1則扣NT$1,000 | E9: 契約價金20% | F9: 各則廣告截圖、平台、刊期 | G9: J-5網路關鍵字
A10: 7 | B10: 長照系列影片未完成 | C10: 九(十一)6 | D10: 扣NT$10,000 | E10: NT$10,000 | F10: 影片檔案≥10分鐘、上刊截圖 | G10: （M-1，非本表）
